{
	"miniprogramRoot": "./client",
	"qcloudRoot": "./server",
	"setting": {
		"urlCheck": false,
		"es6": true,
		"postcss": true,
		"minified": true,
		"newFeature": true
	},
	"appid": "wx9fdac4db7193ed29",
	"projectname": "Du.Movie",
	"condition": {
		"search": {
			"current": -1,
			"list": []
		},
		"conversation": {
			"current": -1,
			"list": []
		},
		"plugin": {
			"current": -1,
			"list": []
		},
		"game": {
			"list": []
		},
		"miniprogram": {
			"current": 4,
			"list": [
				{
					"id": -1,
					"name": "热门电影",
					"pathName": "pages/hotMovies/hotMovies",
					"query": ""
				},
				{
					"id": -1,
					"name": "热门电影详情",
					"pathName": "pages/movieDetail/movieDetail",
					"query": "id=1"
				},
				{
					"id": 2,
					"name": "添加影评",
					"pathName": "pages/editComment/editComment",
					"query": "type=1&movie_id=1"
				},
				{
					"id": -1,
					"name": "影评列表",
					"pathName": "pages/commentList/commentList",
					"query": "movie_id=1"
				},
				{
					"id": 4,
					"name": "影评详情",
					"pathName": "pages/commentDetail/commentDetail",
					"query": "comment_id=2&movie_id=1"
				},
				{
					"id": -1,
					"name": "我的",
					"pathName": "pages/loveComment/loveComment",
					"query": ""
				}
			]
		}
	}
}